{
  "day_3": {
    "mae": 1.1041697955599763,
    "rmse": 1.1090812878467595
  },
  "day_4": {
    "mae": 1.0317866680578363,
    "rmse": 1.0371635052850907
  },
  "day_5": {
    "mae": 0.9505908038462415,
    "rmse": 0.9539262822063757
  },
  "day_6": {
    "mae": 0.9382912407146653,
    "rmse": 0.9442122469084708
  },
  "day_7": {
    "mae": 0.8762350996161297,
    "rmse": 0.882367422219939
  },
  "overall": {
    "mae": 0.9802147215589698,
    "rmse": 0.9885194815114332
  }
}