{
  "version": "1.0",
  "trained_at": "2026-02-16T16:21:43.941092Z",
  "split_ratios": {
    "train": 0.7,
    "val": 0.15,
    "test": 0.15
  },
  "test_metrics": {
    "sensor": {
      "mae": 0.9802147215589698,
      "rmse": 0.9885194815114332
    },
    "location": {
      "mae": 4.236388203143219,
      "rmse": 6.743313450874707
    }
  }
}