{
  "day_3": {
    "mae": 3.5167970399649215,
    "rmse": 6.071408426138913
  },
  "day_4": {
    "mae": 3.8908886135587655,
    "rmse": 6.431916887678685
  },
  "day_5": {
    "mae": 4.214099489964122,
    "rmse": 6.681029402643777
  },
  "day_6": {
    "mae": 4.604703238559922,
    "rmse": 7.052065938071681
  },
  "day_7": {
    "mae": 4.955452633668368,
    "rmse": 7.400137734045285
  },
  "overall": {
    "mae": 4.236388203143219,
    "rmse": 6.743313450874707
  }
}